cohort,country_iso,year,taxon,mutation,kdr_frequency,country,country_iso2,latitude,longitude,mean_temp_c,annual_rainfall_mm
AO-LUA_colu_2009,AO-LUA,2009,colu,kdr-west (L995F),0.8395061728395061,Angola,AO,-8.87914606741573,13.298224719101123,25.47573121388753,512.0
BF-07_gamb_2004,BF-07,2004,gamb,kdr-west (L995F),0.07692307692307693,Burkina Faso,BF,11.404386920980926,-3.8090953678474118,27.741041501363117,901.0
BF-09_colu_2012,BF-09,2012,colu,kdr-west (L995F),0.8658536585365854,Burkina Faso,BF,11.404386920980926,-3.8090953678474118,27.741041501363117,901.0
BF-09_colu_2014,BF-09,2014,colu,kdr-west (L995F),0.8867924528301887,Burkina Faso,BF,11.404386920980926,-3.8090953678474118,27.741041501363117,901.0
BF-09_gamb_2012,BF-09,2012,gamb,kdr-west (L995F),1.0,Burkina Faso,BF,11.404386920980926,-3.8090953678474118,27.741041501363117,901.0
BF-09_gamb_2014,BF-09,2014,gamb,kdr-west (L995F),1.0,Burkina Faso,BF,11.404386920980926,-3.8090953678474118,27.741041501363117,901.0
CD-NU_gamb_2015,CD-NU,2015,gamb,kdr-west (L995F),0.8355263157894737,DR Congo,CD,-4.03,21.76,24.757041772206623,1694.0
CF-BGF_colu_1994,CF-BGF,1994,colu,kdr-west (L995F),0.0,Central African Republic,CF,4.367,18.583,25.192187309265137,1534.0
CF-BGF_gamb_1994,CF-BGF,1994,gamb,kdr-west (L995F),0.009433962264150943,Central African Republic,CF,4.367,18.583,25.192187309265137,1534.0
CI-LG_colu_2012,CI-LG,2012,colu,kdr-west (L995F),0.91875,Cote d'Ivoire,CI,6.879014084507042,-4.99156740442656,26.578916390736897,1075.0
CM-AD_gamb_2005,CM-AD,2005,gamb,kdr-west (L995F),0.21428571428571427,Cameroon,CM,5.324688037529319,12.35075136825645,24.04858334859212,1551.0
CM-CE_colu_2013,CM-CE,2013,colu,kdr-west (L995F),0.9166666666666666,Cameroon,CM,5.324688037529319,12.35075136825645,24.04858334859212,1551.0
CM-CE_gamb_2005,CM-CE,2005,gamb,kdr-west (L995F),0.20833333333333334,Cameroon,CM,5.324688037529319,12.35075136825645,24.04858334859212,1551.0
CM-EN_gamb_2005,CM-EN,2005,gamb,kdr-west (L995F),0.18518518518518517,Cameroon,CM,5.324688037529319,12.35075136825645,24.04858334859212,1551.0
CM-ES_gamb_2009,CM-ES,2009,gamb,kdr-west (L995F),0.523102310231023,Cameroon,CM,5.324688037529319,12.35075136825645,24.04858334859212,1551.0
CM-NO_gamb_2005,CM-NO,2005,gamb,kdr-west (L995F),0.2,Cameroon,CM,5.324688037529319,12.35075136825645,24.04858334859212,1551.0
CM-OU_gamb_2013,CM-OU,2013,gamb,kdr-west (L995F),0.9333333333333333,Cameroon,CM,5.324688037529319,12.35075136825645,24.04858334859212,1551.0
GA-1_gamb_2000,GA-1,2000,gamb,kdr-west (L995F),0.32608695652173914,Gabon,GA,0.5043932584269663,12.05787265917603,24.1180419921875,1648.0
GH-AA_colu_2012,GH-AA,2012,colu,kdr-west (L995F),0.75,Ghana,GH,8.037986750788644,-0.9944248159831756,27.514395872751873,1185.0
GH-AA_gamb_2012,GH-AA,2012,gamb,kdr-west (L995F),1.0,Ghana,GH,8.037986750788644,-0.9944248159831756,27.514395872751873,1185.0
GH-CP_colu_2012,GH-CP,2012,colu,kdr-west (L995F),0.92,Ghana,GH,8.037986750788644,-0.9944248159831756,27.514395872751873,1185.0
GH-EP_gamb_2012,GH-EP,2012,gamb,kdr-west (L995F),1.0,Ghana,GH,8.037986750788644,-0.9944248159831756,27.514395872751873,1185.0
GH-WP_colu_2012,GH-WP,2012,colu,kdr-west (L995F),0.7916666666666666,Ghana,GH,8.037986750788644,-0.9944248159831756,27.514395872751873,1185.0
GM-L_colu_2006,GM-L,2006,colu,kdr-west (L995F),0.0,Gambia,GM,13.44,-15.31,27.275895913441975,746.0
GM-M_colu_2012,GM-M,2012,colu,kdr-west (L995F),0.014534883720930232,Gambia,GM,13.44,-15.31,27.275895913441975,746.0
GM-N_biss_2011,GM-N,2011,biss,kdr-west (L995F),0.0,Gambia,GM,13.44,-15.31,27.275895913441975,746.0
GN-F_gamb_2012,GN-F,2012,gamb,kdr-west (L995F),1.0,Guinea,GN,10.259419558359621,-9.385179810725552,25.92770830790202,1517.0
GN-N_colu_2012,GN-N,2012,colu,kdr-west (L995F),0.7727272727272727,Guinea,GN,10.259419558359621,-9.385179810725552,25.92770830790202,1517.0
GN-N_gamb_2012,GN-N,2012,gamb,kdr-west (L995F),1.0,Guinea,GN,10.259419558359621,-9.385179810725552,25.92770830790202,1517.0
GQ-BN_gamb_2002,GQ-BN,2002,gamb,kdr-west (L995F),0.0,Equatorial Guinea,GQ,3.6573684210526314,8.737894736842104,19.4394375483195,2806.0
GW-BM_biss_2010,GW-BM,2010,biss,kdr-west (L995F),0.0,Guinea-Bissau,GW,11.973406392694063,-15.222130136986301,26.94301191965739,1702.0
GW-BS_biss_2010,GW-BS,2010,biss,kdr-west (L995F),0.0,Guinea-Bissau,GW,11.973406392694063,-15.222130136986301,26.94301191965739,1702.0
KE-14_arab_2012,KE-14,2012,arab,kdr-west (L995F),0.0,Kenya,KE,0.5486946564885496,36.312152671755726,20.596916675567627,807.0
KE-14_gamb_2000,KE-14,2000,gamb,kdr-west (L995F),0.0,Kenya,KE,0.5486946564885496,36.312152671755726,20.596916675567627,807.0
KE-14_pwan_2012,KE-14,2012,pwan,kdr-west (L995F),0.0,Kenya,KE,0.5486946564885496,36.312152671755726,20.596916675567627,807.0
ML-2_colu_2004,ML-2,2004,colu,kdr-west (L995F),0.0,Mali,ML,13.233431670281995,-7.409945770065076,27.149166584014893,692.0
ML-2_colu_2014,ML-2,2014,colu,kdr-west (L995F),0.8703703703703703,Mali,ML,13.233431670281995,-7.409945770065076,27.149166584014893,692.0
ML-2_gamb_2004,ML-2,2004,gamb,kdr-west (L995F),0.015625,Mali,ML,13.233431670281995,-7.409945770065076,27.149166584014893,692.0
ML-2_gamb_2014,ML-2,2014,gamb,kdr-west (L995F),1.0,Mali,ML,13.233431670281995,-7.409945770065076,27.149166584014893,692.0
ML-3_colu_2012,ML-3,2012,colu,kdr-west (L995F),0.7407407407407407,Mali,ML,13.233431670281995,-7.409945770065076,27.149166584014893,692.0
ML-3_gamb_2012,ML-3,2012,gamb,kdr-west (L995F),0.9846153846153847,Mali,ML,13.233431670281995,-7.409945770065076,27.149166584014893,692.0
ML-4_colu_2004,ML-4,2004,colu,kdr-west (L995F),0.0,Mali,ML,13.233431670281995,-7.409945770065076,27.149166584014893,692.0
MW-S_arab_2015,MW-S,2015,arab,kdr-west (L995F),0.0,Malawi,MW,-14.270431192660551,34.64250458715596,23.669312795003254,940.0
MYT_gamb_2011,MYT,2011,gamb,kdr-west (L995F),0.0,,MY,,,,0.0
MZ-I_gamb_2004,MZ-I,2004,gamb,kdr-west (L995F),0.0,Mozambique,MZ,-23.716,35.299,23.535874843597412,917.0
TZ-05_arab_2015,TZ-05,2015,arab,kdr-west (L995F),0.0,Tanzania,TZ,-3.0139745083758194,34.68761325564457,19.511354287465412,789.0
TZ-05_gamb_2015,TZ-05,2015,gamb,kdr-west (L995F),0.015625,Tanzania,TZ,-3.0139745083758194,34.68761325564457,19.511354287465412,789.0
TZ-13_arab_2012,TZ-13,2012,arab,kdr-west (L995F),0.0,Tanzania,TZ,-3.0139745083758194,34.68761325564457,19.511354287465412,789.0
TZ-25_gamb_2013,TZ-25,2013,gamb,kdr-west (L995F),0.0,Tanzania,TZ,-3.0139745083758194,34.68761325564457,19.511354287465412,789.0
TZ-25_pwan_2013,TZ-25,2013,pwan,kdr-west (L995F),0.0,Tanzania,TZ,-3.0139745083758194,34.68761325564457,19.511354287465412,789.0
TZ-26_arab_2012,TZ-26,2012,arab,kdr-west (L995F),0.0,Tanzania,TZ,-3.0139745083758194,34.68761325564457,19.511354287465412,789.0
UG-E_arab_2012,UG-E,2012,arab,kdr-west (L995F),0.0,Uganda,UG,0.6163546686746988,32.87995444277109,22.067646026611328,1268.0
UG-E_gamb_2012,UG-E,2012,gamb,kdr-west (L995F),0.0,Uganda,UG,0.6163546686746988,32.87995444277109,22.067646026611328,1268.0
UG-W_gamb_2012,UG-W,2012,gamb,kdr-west (L995F),0.010526315789473684,Uganda,UG,0.6163546686746988,32.87995444277109,22.067646026611328,1268.0
AO-LUA_colu_2009,AO-LUA,2009,colu,kdr-east (L995S),0.0,Angola,AO,-8.87914606741573,13.298224719101123,25.47573121388753,512.0
BF-07_gamb_2004,BF-07,2004,gamb,kdr-east (L995S),0.038461538461538464,Burkina Faso,BF,11.404386920980926,-3.8090953678474118,27.741041501363117,901.0
BF-09_colu_2012,BF-09,2012,colu,kdr-east (L995S),0.0,Burkina Faso,BF,11.404386920980926,-3.8090953678474118,27.741041501363117,901.0
BF-09_colu_2014,BF-09,2014,colu,kdr-east (L995S),0.0,Burkina Faso,BF,11.404386920980926,-3.8090953678474118,27.741041501363117,901.0
BF-09_gamb_2012,BF-09,2012,gamb,kdr-east (L995S),0.0,Burkina Faso,BF,11.404386920980926,-3.8090953678474118,27.741041501363117,901.0
BF-09_gamb_2014,BF-09,2014,gamb,kdr-east (L995S),0.0,Burkina Faso,BF,11.404386920980926,-3.8090953678474118,27.741041501363117,901.0
CD-NU_gamb_2015,CD-NU,2015,gamb,kdr-east (L995S),0.15789473684210525,DR Congo,CD,-4.03,21.76,24.757041772206623,1694.0
CF-BGF_colu_1994,CF-BGF,1994,colu,kdr-east (L995S),0.0,Central African Republic,CF,4.367,18.583,25.192187309265137,1534.0
CF-BGF_gamb_1994,CF-BGF,1994,gamb,kdr-east (L995S),0.25471698113207547,Central African Republic,CF,4.367,18.583,25.192187309265137,1534.0
CI-LG_colu_2012,CI-LG,2012,colu,kdr-east (L995S),0.0,Cote d'Ivoire,CI,6.879014084507042,-4.99156740442656,26.578916390736897,1075.0
CM-AD_gamb_2005,CM-AD,2005,gamb,kdr-east (L995S),0.03571428571428571,Cameroon,CM,5.324688037529319,12.35075136825645,24.04858334859212,1551.0
CM-CE_colu_2013,CM-CE,2013,colu,kdr-east (L995S),0.0,Cameroon,CM,5.324688037529319,12.35075136825645,24.04858334859212,1551.0
CM-CE_gamb_2005,CM-CE,2005,gamb,kdr-east (L995S),0.0,Cameroon,CM,5.324688037529319,12.35075136825645,24.04858334859212,1551.0
CM-EN_gamb_2005,CM-EN,2005,gamb,kdr-east (L995S),0.0,Cameroon,CM,5.324688037529319,12.35075136825645,24.04858334859212,1551.0
CM-ES_gamb_2009,CM-ES,2009,gamb,kdr-east (L995S),0.15841584158415842,Cameroon,CM,5.324688037529319,12.35075136825645,24.04858334859212,1551.0
CM-NO_gamb_2005,CM-NO,2005,gamb,kdr-east (L995S),0.03333333333333333,Cameroon,CM,5.324688037529319,12.35075136825645,24.04858334859212,1551.0
CM-OU_gamb_2013,CM-OU,2013,gamb,kdr-east (L995S),0.06666666666666667,Cameroon,CM,5.324688037529319,12.35075136825645,24.04858334859212,1551.0
GA-1_gamb_2000,GA-1,2000,gamb,kdr-east (L995S),0.6739130434782609,Gabon,GA,0.5043932584269663,12.05787265917603,24.1180419921875,1648.0
GH-AA_colu_2012,GH-AA,2012,colu,kdr-east (L995S),0.0,Ghana,GH,8.037986750788644,-0.9944248159831756,27.514395872751873,1185.0
GH-AA_gamb_2012,GH-AA,2012,gamb,kdr-east (L995S),0.0,Ghana,GH,8.037986750788644,-0.9944248159831756,27.514395872751873,1185.0
GH-CP_colu_2012,GH-CP,2012,colu,kdr-east (L995S),0.0,Ghana,GH,8.037986750788644,-0.9944248159831756,27.514395872751873,1185.0
GH-EP_gamb_2012,GH-EP,2012,gamb,kdr-east (L995S),0.0,Ghana,GH,8.037986750788644,-0.9944248159831756,27.514395872751873,1185.0
GH-WP_colu_2012,GH-WP,2012,colu,kdr-east (L995S),0.0,Ghana,GH,8.037986750788644,-0.9944248159831756,27.514395872751873,1185.0
GM-L_colu_2006,GM-L,2006,colu,kdr-east (L995S),0.0,Gambia,GM,13.44,-15.31,27.275895913441975,746.0
GM-M_colu_2012,GM-M,2012,colu,kdr-east (L995S),0.0,Gambia,GM,13.44,-15.31,27.275895913441975,746.0
GM-N_biss_2011,GM-N,2011,biss,kdr-east (L995S),0.0,Gambia,GM,13.44,-15.31,27.275895913441975,746.0
GN-F_gamb_2012,GN-F,2012,gamb,kdr-east (L995S),0.0,Guinea,GN,10.259419558359621,-9.385179810725552,25.92770830790202,1517.0
GN-N_colu_2012,GN-N,2012,colu,kdr-east (L995S),0.0,Guinea,GN,10.259419558359621,-9.385179810725552,25.92770830790202,1517.0
GN-N_gamb_2012,GN-N,2012,gamb,kdr-east (L995S),0.0,Guinea,GN,10.259419558359621,-9.385179810725552,25.92770830790202,1517.0
GQ-BN_gamb_2002,GQ-BN,2002,gamb,kdr-east (L995S),0.0,Equatorial Guinea,GQ,3.6573684210526314,8.737894736842104,19.4394375483195,2806.0
GW-BM_biss_2010,GW-BM,2010,biss,kdr-east (L995S),0.0,Guinea-Bissau,GW,11.973406392694063,-15.222130136986301,26.94301191965739,1702.0
GW-BS_biss_2010,GW-BS,2010,biss,kdr-east (L995S),0.0,Guinea-Bissau,GW,11.973406392694063,-15.222130136986301,26.94301191965739,1702.0
KE-14_arab_2012,KE-14,2012,arab,kdr-east (L995S),0.0,Kenya,KE,0.5486946564885496,36.312152671755726,20.596916675567627,807.0
KE-14_gamb_2000,KE-14,2000,gamb,kdr-east (L995S),0.0,Kenya,KE,0.5486946564885496,36.312152671755726,20.596916675567627,807.0
KE-14_pwan_2012,KE-14,2012,pwan,kdr-east (L995S),0.7777777777777778,Kenya,KE,0.5486946564885496,36.312152671755726,20.596916675567627,807.0
ML-2_colu_2004,ML-2,2004,colu,kdr-east (L995S),0.0,Mali,ML,13.233431670281995,-7.409945770065076,27.149166584014893,692.0
ML-2_colu_2014,ML-2,2014,colu,kdr-east (L995S),0.0,Mali,ML,13.233431670281995,-7.409945770065076,27.149166584014893,692.0
ML-2_gamb_2004,ML-2,2004,gamb,kdr-east (L995S),0.0,Mali,ML,13.233431670281995,-7.409945770065076,27.149166584014893,692.0
ML-2_gamb_2014,ML-2,2014,gamb,kdr-east (L995S),0.0,Mali,ML,13.233431670281995,-7.409945770065076,27.149166584014893,692.0
ML-3_colu_2012,ML-3,2012,colu,kdr-east (L995S),0.0,Mali,ML,13.233431670281995,-7.409945770065076,27.149166584014893,692.0
ML-3_gamb_2012,ML-3,2012,gamb,kdr-east (L995S),0.0,Mali,ML,13.233431670281995,-7.409945770065076,27.149166584014893,692.0
ML-4_colu_2004,ML-4,2004,colu,kdr-east (L995S),0.0,Mali,ML,13.233431670281995,-7.409945770065076,27.149166584014893,692.0
MW-S_arab_2015,MW-S,2015,arab,kdr-east (L995S),0.0,Malawi,MW,-14.270431192660551,34.64250458715596,23.669312795003254,940.0
MYT_gamb_2011,MYT,2011,gamb,kdr-east (L995S),0.0,,MY,,,,0.0
MZ-I_gamb_2004,MZ-I,2004,gamb,kdr-east (L995S),0.0,Mozambique,MZ,-23.716,35.299,23.535874843597412,917.0
TZ-05_arab_2015,TZ-05,2015,arab,kdr-east (L995S),0.0,Tanzania,TZ,-3.0139745083758194,34.68761325564457,19.511354287465412,789.0
TZ-05_gamb_2015,TZ-05,2015,gamb,kdr-east (L995S),0.984375,Tanzania,TZ,-3.0139745083758194,34.68761325564457,19.511354287465412,789.0
TZ-13_arab_2012,TZ-13,2012,arab,kdr-east (L995S),0.0,Tanzania,TZ,-3.0139745083758194,34.68761325564457,19.511354287465412,789.0
TZ-25_gamb_2013,TZ-25,2013,gamb,kdr-east (L995S),0.40625,Tanzania,TZ,-3.0139745083758194,34.68761325564457,19.511354287465412,789.0
TZ-25_pwan_2013,TZ-25,2013,pwan,kdr-east (L995S),0.0,Tanzania,TZ,-3.0139745083758194,34.68761325564457,19.511354287465412,789.0
TZ-26_arab_2012,TZ-26,2012,arab,kdr-east (L995S),0.0,Tanzania,TZ,-3.0139745083758194,34.68761325564457,19.511354287465412,789.0
UG-E_arab_2012,UG-E,2012,arab,kdr-east (L995S),0.0,Uganda,UG,0.6163546686746988,32.87995444277109,22.067646026611328,1268.0
UG-E_gamb_2012,UG-E,2012,gamb,kdr-east (L995S),1.0,Uganda,UG,0.6163546686746988,32.87995444277109,22.067646026611328,1268.0
UG-W_gamb_2012,UG-W,2012,gamb,kdr-east (L995S),0.9894736842105263,Uganda,UG,0.6163546686746988,32.87995444277109,22.067646026611328,1268.0
